{
   "gamitamodels.gm_robots.lasr1":{
		 "sounds": [
                        "gamitamodels/gm_robots/lasr1"
        ]
        },
   "gamitamodels.gm_robots.lasr2":{
		 "sounds": [
                        "gamitamodels/gm_robots/lasr2"
        ]
        },
   "gamitamodels.gm_robots.tick1":{
		 "sounds": [
                        "gamitamodels/gm_robots/tick1"
        ]
        },
   "gamitamodels.gm_robots.bits1":{
		 "sounds": [
                        "gamitamodels/gm_robots/bits1"
        ]
        },
   "gamitamodels.gm_robots.rob":{
		 "sounds": [
                        "gamitamodels/gm_robots/rob"
        ]
        }
}