{"elements":[{"from":[8.075203,-0.04144287,5.9559426],"to":[12.105917,8.420986,9.526371],"rotation":{"angle":0.0,"axis":"y","origin":[3.4174886,-23.82473,6.7280855]},"faces":{"east":{"uv":[0.0,7.25,0.75,9.125],"rotation":0,"texture":"#0","tintindex":0},"south":{"uv":[4.5,6.75,5.375,8.625],"rotation":0,"texture":"#0","tintindex":0},"north":{"uv":[3.625,6.75,4.5,8.625],"rotation":0,"texture":"#0","tintindex":0},"west":{"uv":[7.25,1.875,8.0,3.75],"rotation":0,"texture":"#0","tintindex":0},"up":{"uv":[13.375,7.75,12.5,7.0],"rotation":0,"texture":"#0","tintindex":0},"down":{"uv":[13.375,7.75,12.5,8.5],"rotation":0,"texture":"#0","tintindex":0}}},{"from":[8.646631,0.5299854,9.526371],"to":[11.534489,7.849557,10.811086],"rotation":{"angle":0.0,"axis":"y","origin":[3.4174886,-23.253302,10.298514]},"faces":{"east":{"uv":[9.0,12.75,9.25,14.375],"rotation":0,"texture":"#0","tintindex":0},"south":{"uv":[8.375,9.75,9.0,11.375],"rotation":0,"texture":"#0","tintindex":0},"north":{"uv":[6.25,0.0,6.875,1.625],"rotation":0,"texture":"#0","tintindex":0},"west":{"uv":[4.5,13.25,4.75,14.875],"rotation":0,"texture":"#0","tintindex":0},"up":{"uv":[1.375,7.5,0.75,7.25],"rotation":0,"texture":"#0","tintindex":0},"down":{"uv":[8.625,3.375,8.0,3.625],"rotation":0,"texture":"#0","tintindex":0}}},{"from":[8.646631,0.5299854,4.9549427],"to":[11.534489,7.849557,6.239657],"rotation":{"angle":0.0,"axis":"y","origin":[3.4174886,-23.253302,5.7270856]},"faces":{"east":{"uv":[8.375,13.375,8.625,15.0],"rotation":0,"texture":"#0","tintindex":0},"south":{"uv":[4.875,10.125,5.5,11.75],"rotation":0,"texture":"#0","tintindex":0},"north":{"uv":[10.0,1.625,10.625,3.25],"rotation":0,"texture":"#0","tintindex":0},"west":{"uv":[8.625,13.375,8.875,15.0],"rotation":0,"texture":"#0","tintindex":0},"up":{"uv":[4.5,14.25,3.875,14.0],"rotation":0,"texture":"#0","tintindex":0},"down":{"uv":[14.625,3.875,14.0,4.125],"rotation":0,"texture":"#0","tintindex":0}}},{"from":[12.105917,3.187388,5.4832363],"to":[13.850917,7.153817,9.453665],"rotation":{"angle":45.0,"axis":"x","origin":[4.0232024,5.170603,7.468451]},"faces":{"east":{"uv":[12.375,2.375,13.25,3.25],"rotation":0,"texture":"#0","tintindex":0},"south":{"uv":[13.625,5.75,14.0,6.625],"rotation":0,"texture":"#0","tintindex":0},"north":{"uv":[2.25,13.625,2.625,14.5],"rotation":0,"texture":"#0","tintindex":0},"west":{"uv":[12.375,3.25,13.25,4.125],"rotation":0,"texture":"#0","tintindex":0},"up":{"uv":[14.0,10.125,13.625,9.25],"rotation":0,"texture":"#0","tintindex":0},"down":{"uv":[5.75,13.75,5.375,14.625],"rotation":0,"texture":"#0","tintindex":0}}}],"textures":{"0":"modelengine:entity/robot_gm_prototipo_one_protfir"},"display":{"head":{"translation":[0.0,-6.4,0.0],"scale":[4.0,4.0,4.0]}}}