{"elements":[{"from":[6.285714,6.285714,-8.857143],"to":[9.714286,9.714286,24.857143],"rotation":{"angle":0.0,"axis":"y","origin":[8.0,-16.57143,64.28572]},"faces":{"east":{"uv":[0.0,0.75,7.375,1.5],"rotation":0,"texture":"#1","tintindex":0},"south":{"uv":[4.5,5.25,5.25,6.0],"rotation":0,"texture":"#1","tintindex":0},"north":{"uv":[4.5,4.5,5.25,5.25],"rotation":0,"texture":"#1","tintindex":0},"west":{"uv":[0.0,0.75,7.375,1.5],"rotation":0,"texture":"#1","tintindex":0},"up":{"uv":[0.75,8.875,0.0,1.5],"rotation":0,"texture":"#1","tintindex":0},"down":{"uv":[0.75,1.5,0.0,8.875],"rotation":0,"texture":"#1","tintindex":0}}}],"textures":{"1":"modelengine:entity/robot_gm_prototipo_one_protfir_laser"},"display":{"head":{"translation":[0.0,-6.4,0.0],"scale":[4.0,4.0,4.0]}}}