{"elements":[{"from":[5.909214,-5.027789,4.715357],"to":[10.090786,-0.6727886,9.654928],"rotation":{"angle":0.0,"axis":"y","origin":[20.707357,-26.614502,5.638357]},"faces":{"east":{"uv":[10.5,5.25,11.5625,6.1875],"rotation":0,"texture":"#0","tintindex":0},"south":{"uv":[6.5,11.375,7.4375,12.3125],"rotation":0,"texture":"#0","tintindex":0},"north":{"uv":[11.375,4.125,12.3125,5.0625],"rotation":0,"texture":"#0","tintindex":0},"west":{"uv":[10.625,0.0,11.6875,0.9375],"rotation":0,"texture":"#0","tintindex":0},"up":{"uv":[1.6875,11.6875,0.75,10.625],"rotation":0,"texture":"#0","tintindex":0},"down":{"uv":[11.5625,1.0,10.625,2.0625],"rotation":0,"texture":"#0","tintindex":0}}},{"from":[6.4806423,-1.0277882,5.9725],"to":[9.519357,7.8986406,8.626357],"rotation":{"angle":0.0,"axis":"y","origin":[20.707357,-18.043074,6.3240714]},"faces":{"east":{"uv":[2.25,9.625,2.8125,11.5625],"rotation":0,"texture":"#0","tintindex":0},"south":{"uv":[8.0,1.375,8.6875,3.3125],"rotation":0,"texture":"#0","tintindex":0},"north":{"uv":[2.75,7.625,3.4375,9.5625],"rotation":0,"texture":"#0","tintindex":0},"west":{"uv":[2.875,9.625,3.4375,11.5625],"rotation":0,"texture":"#0","tintindex":0},"up":{"uv":[14.0625,8.1875,13.375,7.625],"rotation":0,"texture":"#0","tintindex":0},"down":{"uv":[3.4375,13.5,2.75,14.0625],"rotation":0,"texture":"#0","tintindex":0}}},{"from":[6.4806423,-4.456361,9.428643],"to":[9.519357,-1.2442169,10.939643],"rotation":{"angle":0.0,"axis":"y","origin":[20.707357,-26.043076,9.208786]},"faces":{"east":{"uv":[5.75,13.75,6.0625,14.4375],"rotation":0,"texture":"#0","tintindex":0},"south":{"uv":[13.25,1.875,13.9375,2.5625],"rotation":0,"texture":"#0","tintindex":0},"north":{"uv":[10.625,13.125,11.3125,13.8125],"rotation":0,"texture":"#0","tintindex":0},"west":{"uv":[9.875,13.875,10.1875,14.5625],"rotation":0,"texture":"#0","tintindex":0},"up":{"uv":[14.3125,6.9375,13.625,6.625],"rotation":0,"texture":"#0","tintindex":0},"down":{"uv":[14.5625,5.375,13.875,5.6875],"rotation":0,"texture":"#0","tintindex":0}}},{"from":[6.4806423,-4.456361,3.714357],"to":[9.519357,-1.2442169,5.225357],"rotation":{"angle":0.0,"axis":"y","origin":[20.707357,-26.043076,4.6373568]},"faces":{"east":{"uv":[13.875,13.25,14.1875,13.9375],"rotation":0,"texture":"#0","tintindex":0},"south":{"uv":[11.375,13.25,12.0625,13.9375],"rotation":0,"texture":"#0","tintindex":0},"north":{"uv":[3.75,13.25,4.4375,13.9375],"rotation":0,"texture":"#0","tintindex":0},"west":{"uv":[0.0,14.0,0.3125,14.6875],"rotation":0,"texture":"#0","tintindex":0},"up":{"uv":[14.6875,2.1875,14.0,1.875],"rotation":0,"texture":"#0","tintindex":0},"down":{"uv":[14.6875,2.25,14.0,2.5625],"rotation":0,"texture":"#0","tintindex":0}}}],"textures":{"0":"modelengine:entity/robot_gm_prototipo_one_protfir"},"display":{"head":{"translation":[0.0,-6.4,0.0],"scale":[4.0,4.0,4.0]}}}