{"elements":[{"from":[6.2390356,1.2796068,8.019393],"to":[9.626607,8.301464,11.065536],"rotation":{"angle":0.0,"axis":"y","origin":[10.457321,-26.158253,8.055107]},"faces":{"east":{"uv":[4.125,9.625,4.8125,11.1875],"rotation":0,"texture":"#0","tintindex":0},"south":{"uv":[0.75,9.0,1.5,10.5625],"rotation":0,"texture":"#0","tintindex":0},"north":{"uv":[8.875,8.125,9.625,9.6875],"rotation":0,"texture":"#0","tintindex":0},"west":{"uv":[9.625,8.125,10.3125,9.6875],"rotation":0,"texture":"#0","tintindex":0},"up":{"uv":[4.375,6.6875,3.625,6.0],"rotation":0,"texture":"#0","tintindex":0},"down":{"uv":[6.125,13.0,5.375,13.6875],"rotation":0,"texture":"#0","tintindex":0}}},{"from":[6.5501785,-0.5468216,5.9545355],"to":[9.584179,2.0743208,10.617679],"rotation":{"angle":-22.5,"axis":"x","origin":[10.117893,0.7637496,8.286107]},"faces":{"east":{"uv":[8.0,12.75,9.0,13.3125],"rotation":0,"texture":"#0","tintindex":0},"south":{"uv":[13.375,7.0,14.0625,7.5625],"rotation":0,"texture":"#0","tintindex":0},"north":{"uv":[10.375,9.125,11.0625,9.6875],"rotation":0,"texture":"#0","tintindex":0},"west":{"uv":[12.875,5.125,13.875,5.6875],"rotation":0,"texture":"#0","tintindex":0},"up":{"uv":[13.0625,5.125,12.375,4.125],"rotation":0,"texture":"#0","tintindex":0},"down":{"uv":[6.9375,12.375,6.25,13.375],"rotation":0,"texture":"#0","tintindex":0}}},{"from":[6.77875,-1.3468218,7.097393],"to":[9.355607,1.5600352,11.760536],"rotation":{"angle":0.0,"axis":"y","origin":[10.117893,-0.036250114,9.428965]},"faces":{"east":{"uv":[12.5,11.375,13.5,12.0],"rotation":0,"texture":"#0","tintindex":0},"south":{"uv":[0.625,13.625,1.1875,14.25],"rotation":0,"texture":"#0","tintindex":0},"north":{"uv":[13.625,0.5,14.1875,1.125],"rotation":0,"texture":"#0","tintindex":0},"west":{"uv":[12.5,12.0,13.5,12.625],"rotation":0,"texture":"#0","tintindex":0},"up":{"uv":[2.1875,13.625,1.625,12.625],"rotation":0,"texture":"#0","tintindex":0},"down":{"uv":[5.3125,13.0,4.75,14.0],"rotation":0,"texture":"#0","tintindex":0}}}],"textures":{"0":"modelengine:entity/robot_gm_prototipo_one_protfir"},"display":{"head":{"translation":[0.0,-6.4,0.0],"scale":[4.0,4.0,4.0]}}}