{"elements":[{"from":[5.909214,-4.9317865,5.130214],"to":[10.090786,-0.57678604,10.069786],"rotation":{"angle":0.0,"axis":"y","origin":[14.673071,-26.518501,6.053214]},"faces":{"east":{"uv":[10.25,3.25,11.3125,4.1875],"rotation":0,"texture":"#0","tintindex":0},"south":{"uv":[11.375,3.125,12.3125,4.0625],"rotation":0,"texture":"#0","tintindex":0},"north":{"uv":[11.25,9.125,12.1875,10.0625],"rotation":0,"texture":"#0","tintindex":0},"west":{"uv":[10.25,4.25,11.3125,5.1875],"rotation":0,"texture":"#0","tintindex":0},"up":{"uv":[11.1875,10.8125,10.25,9.75],"rotation":0,"texture":"#0","tintindex":0},"down":{"uv":[11.3125,8.0,10.375,9.0625],"rotation":0,"texture":"#0","tintindex":0}}},{"from":[6.480643,-0.9317856,6.387357],"to":[9.519358,7.9946427,9.041214],"rotation":{"angle":0.0,"axis":"y","origin":[14.673071,-17.947073,6.7389283]},"faces":{"east":{"uv":[9.625,3.375,10.1875,5.3125],"rotation":0,"texture":"#0","tintindex":0},"south":{"uv":[6.125,8.125,6.8125,10.0625],"rotation":0,"texture":"#0","tintindex":0},"north":{"uv":[5.375,8.125,6.0625,10.0625],"rotation":0,"texture":"#0","tintindex":0},"west":{"uv":[3.5,9.625,4.0625,11.5625],"rotation":0,"texture":"#0","tintindex":0},"up":{"uv":[14.1875,11.5625,13.5,11.0],"rotation":0,"texture":"#0","tintindex":0},"down":{"uv":[14.1875,11.625,13.5,12.1875],"rotation":0,"texture":"#0","tintindex":0}}},{"from":[6.480643,-4.3603573,9.8435],"to":[9.519358,-1.1482143,11.3545],"rotation":{"angle":0.0,"axis":"y","origin":[14.673071,-25.947075,9.623643]},"faces":{"east":{"uv":[11.0,7.25,11.3125,7.9375],"rotation":0,"texture":"#0","tintindex":0},"south":{"uv":[13.125,10.25,13.8125,10.9375],"rotation":0,"texture":"#0","tintindex":0},"north":{"uv":[9.875,13.125,10.5625,13.8125],"rotation":0,"texture":"#0","tintindex":0},"west":{"uv":[11.5,11.875,11.8125,12.5625],"rotation":0,"texture":"#0","tintindex":0},"up":{"uv":[12.0625,9.0625,11.375,8.75],"rotation":0,"texture":"#0","tintindex":0},"down":{"uv":[14.1875,12.875,13.5,13.1875],"rotation":0,"texture":"#0","tintindex":0}}},{"from":[6.480643,-4.3603573,4.1292143],"to":[9.519358,-1.1482143,5.640214],"rotation":{"angle":0.0,"axis":"y","origin":[14.673071,-25.947075,5.052214]},"faces":{"east":{"uv":[13.875,10.125,14.1875,10.8125],"rotation":0,"texture":"#0","tintindex":0},"south":{"uv":[13.25,3.375,13.9375,4.0625],"rotation":0,"texture":"#0","tintindex":0},"north":{"uv":[13.25,2.625,13.9375,3.3125],"rotation":0,"texture":"#0","tintindex":0},"west":{"uv":[10.25,13.875,10.5625,14.5625],"rotation":0,"texture":"#0","tintindex":0},"up":{"uv":[14.5625,9.1875,13.875,8.875],"rotation":0,"texture":"#0","tintindex":0},"down":{"uv":[11.3125,13.875,10.625,14.1875],"rotation":0,"texture":"#0","tintindex":0}}}],"textures":{"0":"modelengine:entity/robot_gm_prototipo_one_protfir"},"display":{"head":{"translation":[0.0,-6.4,0.0],"scale":[4.0,4.0,4.0]}}}