{"elements":[{"from":[3.980071,-0.045214653,5.9290714],"to":[8.010786,8.492643,9.4995],"rotation":{"angle":0.0,"axis":"y","origin":[12.668501,-23.753073,6.7012143]},"faces":{"east":{"uv":[6.875,0.0,7.625,1.875],"rotation":0,"texture":"#0","tintindex":0},"south":{"uv":[6.375,6.25,7.25,8.125],"rotation":0,"texture":"#0","tintindex":0},"north":{"uv":[5.5,6.25,6.375,8.125],"rotation":0,"texture":"#0","tintindex":0},"west":{"uv":[6.875,4.25,7.625,6.125],"rotation":0,"texture":"#0","tintindex":0},"up":{"uv":[6.75,5.0,5.875,4.25],"rotation":0,"texture":"#0","tintindex":0},"down":{"uv":[10.75,12.375,9.875,13.125],"rotation":0,"texture":"#0","tintindex":0}}},{"from":[2.2350712,3.2590456,5.456365],"to":[3.980071,7.2254744,9.426794],"rotation":{"angle":45.0,"axis":"x","origin":[12.062786,5.24226,7.4415793]},"faces":{"east":{"uv":[5.375,12.125,6.25,13.0],"rotation":0,"texture":"#0","tintindex":0},"south":{"uv":[9.625,0.0,10.0,0.875],"rotation":0,"texture":"#0","tintindex":0},"north":{"uv":[6.875,1.875,7.25,2.75],"rotation":0,"texture":"#0","tintindex":0},"west":{"uv":[12.25,8.75,13.125,9.625],"rotation":0,"texture":"#0","tintindex":0},"up":{"uv":[10.25,12.25,9.875,11.375],"rotation":0,"texture":"#0","tintindex":0},"down":{"uv":[4.125,11.625,3.75,12.5],"rotation":0,"texture":"#0","tintindex":0}}},{"from":[4.5515,0.52621365,9.4995],"to":[7.4393573,7.921214,10.784214],"rotation":{"angle":0.0,"axis":"y","origin":[12.668501,-23.181644,10.271643]},"faces":{"east":{"uv":[7.375,13.375,7.625,15.0],"rotation":0,"texture":"#0","tintindex":0},"south":{"uv":[9.625,9.75,10.25,11.375],"rotation":0,"texture":"#0","tintindex":0},"north":{"uv":[9.0,9.75,9.625,11.375],"rotation":0,"texture":"#0","tintindex":0},"west":{"uv":[7.625,13.375,7.875,15.0],"rotation":0,"texture":"#0","tintindex":0},"up":{"uv":[13.125,8.75,12.5,8.5],"rotation":0,"texture":"#0","tintindex":0},"down":{"uv":[13.25,1.875,12.625,2.125],"rotation":0,"texture":"#0","tintindex":0}}},{"from":[4.5515,0.52621365,4.928071],"to":[7.4393573,7.921214,6.2127857],"rotation":{"angle":0.0,"axis":"y","origin":[12.668501,-23.181644,5.700214]},"faces":{"east":{"uv":[7.875,13.375,8.125,15.0],"rotation":0,"texture":"#0","tintindex":0},"south":{"uv":[10.0,0.0,10.625,1.625],"rotation":0,"texture":"#0","tintindex":0},"north":{"uv":[9.875,5.375,10.5,7.0],"rotation":0,"texture":"#0","tintindex":0},"west":{"uv":[8.125,13.375,8.375,15.0],"rotation":0,"texture":"#0","tintindex":0},"up":{"uv":[13.25,2.375,12.625,2.125],"rotation":0,"texture":"#0","tintindex":0},"down":{"uv":[13.75,4.875,13.125,5.125],"rotation":0,"texture":"#0","tintindex":0}}}],"textures":{"0":"modelengine:entity/robot_gm_prototipo_one"},"display":{"head":{"translation":[0.0,-6.4,0.0],"scale":[4.0,4.0,4.0]}}}