{"elements":[{"from":[5.0414286,7.1455736,5.217],"to":[10.958571,11.425573,9.957571],"rotation":{"angle":0.0,"axis":"y","origin":[7.622857,-16.143,6.621857]},"faces":{"east":{"uv":[9.875,7.0,10.9375,7.9375],"rotation":0,"texture":"#0","tintindex":0},"south":{"uv":[3.5,8.625,4.8125,9.5625],"rotation":0,"texture":"#0","tintindex":0},"north":{"uv":[7.625,5.125,8.9375,6.0625],"rotation":0,"texture":"#0","tintindex":0},"west":{"uv":[5.5,10.125,6.5625,11.0625],"rotation":0,"texture":"#0","tintindex":0},"up":{"uv":[8.5625,7.1875,7.25,6.125],"rotation":0,"texture":"#0","tintindex":0},"down":{"uv":[8.5625,7.25,7.25,8.3125],"rotation":0,"texture":"#0","tintindex":0}}},{"from":[4.648739,3.0396585,4.563286],"to":[7.464882,8.735802,10.820857],"rotation":{"angle":22.5,"axis":"z","origin":[5.199668,5.88773,7.920643]},"faces":{"east":{"uv":[5.875,3.0,7.25,4.25],"rotation":0,"texture":"#0","tintindex":0},"south":{"uv":[12.0,5.75,12.625,7.0],"rotation":0,"texture":"#0","tintindex":0},"north":{"uv":[11.875,11.375,12.5,12.625],"rotation":0,"texture":"#0","tintindex":0},"west":{"uv":[0.0,6.0,1.375,7.25],"rotation":0,"texture":"#0","tintindex":0},"up":{"uv":[12.0,8.625,11.375,7.25],"rotation":0,"texture":"#0","tintindex":0},"down":{"uv":[8.125,11.375,7.5,12.75],"rotation":0,"texture":"#0","tintindex":0}}},{"from":[6.6045713,4.742857,4.1289997],"to":[9.324715,10.9304285,10.928286],"rotation":{"angle":0.0,"axis":"y","origin":[8.0,4.809214,7.920643]},"faces":{"east":{"uv":[4.0,2.25,5.5,3.625],"rotation":0,"texture":"#0","tintindex":0},"south":{"uv":[8.75,11.375,9.375,12.75],"rotation":0,"texture":"#0","tintindex":0},"north":{"uv":[8.125,11.375,8.75,12.75],"rotation":0,"texture":"#0","tintindex":0},"west":{"uv":[4.375,3.625,5.875,5.0],"rotation":0,"texture":"#0","tintindex":0},"up":{"uv":[0.625,12.25,0.0,10.75],"rotation":0,"texture":"#0","tintindex":0},"down":{"uv":[10.875,10.875,10.25,12.375],"rotation":0,"texture":"#0","tintindex":0}}},{"from":[8.535118,3.0396585,4.5061426],"to":[11.351261,8.735802,10.763715],"rotation":{"angle":-22.5,"axis":"z","origin":[10.800332,5.88773,7.920643]},"faces":{"east":{"uv":[5.5,1.75,6.875,3.0],"rotation":0,"texture":"#0","tintindex":0},"south":{"uv":[10.875,11.875,11.5,13.125],"rotation":0,"texture":"#0","tintindex":0},"north":{"uv":[4.75,11.75,5.375,13.0],"rotation":0,"texture":"#0","tintindex":0},"west":{"uv":[5.5,5.0,6.875,6.25],"rotation":0,"texture":"#0","tintindex":0},"up":{"uv":[9.625,6.125,9.0,4.75],"rotation":0,"texture":"#0","tintindex":0},"down":{"uv":[4.75,11.25,4.125,12.625],"rotation":0,"texture":"#0","tintindex":0}}}],"textures":{"0":"modelengine:entity/robot_gm_prototipo_one"},"display":{"head":{"translation":[0.0,-6.4,0.0],"scale":[4.0,4.0,4.0]}}}