{"elements":[{"from":[5.612857,10.854143,2.9312859],"to":[10.387143,21.259857,9.957571],"rotation":{"angle":0.0,"axis":"y","origin":[7.622857,-16.091574,6.621857]},"faces":{"east":{"uv":[0.0,3.75,1.5625,6.0],"rotation":0,"texture":"#0","tintindex":0},"south":{"uv":[4.0,0.0,5.0625,2.25],"rotation":0,"texture":"#0","tintindex":0},"north":{"uv":[3.25,3.75,4.3125,6.0],"rotation":0,"texture":"#0","tintindex":0},"west":{"uv":[1.625,3.75,3.1875,6.0],"rotation":0,"texture":"#0","tintindex":0},"up":{"uv":[2.4375,7.5625,1.375,6.0],"rotation":0,"texture":"#0","tintindex":0},"down":{"uv":[3.5625,6.0,2.5,7.5625],"rotation":0,"texture":"#0","tintindex":0}}},{"from":[5.612857,11.939857,1.0478568],"to":[10.387143,20.059856,2.9312859],"rotation":{"angle":0.0,"axis":"y","origin":[7.622857,-15.063002,6.6241426]},"faces":{"east":{"uv":[12.0,7.0,12.4375,8.75],"rotation":0,"texture":"#0","tintindex":0},"south":{"uv":[5.125,0.0,6.1875,1.75],"rotation":0,"texture":"#0","tintindex":0},"north":{"uv":[4.375,5.0,5.4375,6.75],"rotation":0,"texture":"#0","tintindex":0},"west":{"uv":[12.125,0.625,12.5625,2.375],"rotation":0,"texture":"#0","tintindex":0},"up":{"uv":[14.0625,0.4375,13.0,0.0],"rotation":0,"texture":"#0","tintindex":0},"down":{"uv":[13.1875,13.25,12.125,13.6875],"rotation":0,"texture":"#0","tintindex":0}}},{"from":[6.1842856,14.225572,-0.264143],"to":[6.9585714,17.202715,1.0478573],"rotation":{"angle":0.0,"axis":"y","origin":[7.622857,-15.063002,7.026429]},"faces":{"east":{"uv":[5.5,3.0,5.8125,3.625],"rotation":0,"texture":"#0","tintindex":0},"south":{"uv":[6.625,10.125,6.8125,10.75],"rotation":0,"texture":"#0","tintindex":0},"north":{"uv":[9.625,5.375,9.8125,6.0],"rotation":0,"texture":"#0","tintindex":0},"west":{"uv":[14.0,2.625,14.3125,3.25],"rotation":0,"texture":"#0","tintindex":0},"up":{"uv":[5.3125,2.0625,5.125,1.75],"rotation":0,"texture":"#0","tintindex":0},"down":{"uv":[7.4375,3.75,7.25,4.0625],"rotation":0,"texture":"#0","tintindex":0}}},{"from":[6.952857,16.511286,-0.264143],"to":[9.041429,17.202715,1.0478573],"rotation":{"angle":0.0,"axis":"y","origin":[7.42,-15.063002,7.026429]},"faces":{"east":{"uv":[4.0,3.625,4.3125,3.75],"rotation":0,"texture":"#0","tintindex":0},"south":{"uv":[0.75,7.5,1.1875,7.625],"rotation":0,"texture":"#0","tintindex":0},"north":{"uv":[6.25,1.625,6.6875,1.75],"rotation":0,"texture":"#0","tintindex":0},"west":{"uv":[5.125,2.125,5.4375,2.25],"rotation":0,"texture":"#0","tintindex":0},"up":{"uv":[5.3125,9.9375,4.875,9.625],"rotation":0,"texture":"#0","tintindex":0},"down":{"uv":[7.4375,12.375,7.0,12.6875],"rotation":0,"texture":"#0","tintindex":0}}},{"from":[6.9585714,14.225572,-0.264143],"to":[9.047143,14.917,1.0478573],"rotation":{"angle":0.0,"axis":"y","origin":[7.4257145,-20.20586,7.026429]},"faces":{"east":{"uv":[6.875,2.75,7.1875,2.875],"rotation":0,"texture":"#0","tintindex":0},"south":{"uv":[9.875,8.0,10.3125,8.125],"rotation":0,"texture":"#0","tintindex":0},"north":{"uv":[8.0,3.625,8.4375,3.75],"rotation":0,"texture":"#0","tintindex":0},"west":{"uv":[6.875,2.875,7.1875,3.0],"rotation":0,"texture":"#0","tintindex":0},"up":{"uv":[5.1875,14.3125,4.75,14.0],"rotation":0,"texture":"#0","tintindex":0},"down":{"uv":[14.4375,5.75,14.0,6.0625],"rotation":0,"texture":"#0","tintindex":0}}},{"from":[9.041429,14.225572,-0.264143],"to":[9.815714,17.202715,1.0478573],"rotation":{"angle":0.0,"axis":"y","origin":[7.622857,-15.063002,7.026429]},"faces":{"east":{"uv":[14.0,3.25,14.3125,3.875],"rotation":0,"texture":"#0","tintindex":0},"south":{"uv":[12.125,2.375,12.3125,3.0],"rotation":0,"texture":"#0","tintindex":0},"north":{"uv":[6.625,10.75,6.8125,11.375],"rotation":0,"texture":"#0","tintindex":0},"west":{"uv":[3.5,14.0,3.8125,14.625],"rotation":0,"texture":"#0","tintindex":0},"up":{"uv":[7.8125,1.6875,7.625,1.375],"rotation":0,"texture":"#0","tintindex":0},"down":{"uv":[8.8125,4.75,8.625,5.0625],"rotation":0,"texture":"#0","tintindex":0}}},{"from":[3.8985715,10.854143,2.359857],"to":[5.815714,19.545572,11.100429],"rotation":{"angle":-22.5,"axis":"x","origin":[8.0,16.057,5.5872855]},"faces":{"east":{"uv":[0.0,0.0,1.9375,1.875],"rotation":0,"texture":"#0","tintindex":0},"south":{"uv":[3.25,11.625,3.6875,13.5],"rotation":0,"texture":"#0","tintindex":0},"north":{"uv":[2.75,11.625,3.1875,13.5],"rotation":0,"texture":"#0","tintindex":0},"west":{"uv":[0.0,1.875,1.9375,3.75],"rotation":0,"texture":"#0","tintindex":0},"up":{"uv":[2.1875,12.5625,1.75,10.625],"rotation":0,"texture":"#0","tintindex":0},"down":{"uv":[9.8125,11.375,9.375,13.3125],"rotation":0,"texture":"#0","tintindex":0}}},{"from":[10.184286,10.854143,2.359857],"to":[12.101429,19.545572,11.100429],"rotation":{"angle":-22.5,"axis":"x","origin":[8.0,16.057,5.5872855]},"faces":{"east":{"uv":[2.0,0.0,3.9375,1.875],"rotation":0,"texture":"#0","tintindex":0},"south":{"uv":[1.125,11.75,1.5625,13.625],"rotation":0,"texture":"#0","tintindex":0},"north":{"uv":[0.625,11.75,1.0625,13.625],"rotation":0,"texture":"#0","tintindex":0},"west":{"uv":[2.0,1.875,3.9375,3.75],"rotation":0,"texture":"#0","tintindex":0},"up":{"uv":[12.0625,2.9375,11.625,1.0],"rotation":0,"texture":"#0","tintindex":0},"down":{"uv":[2.6875,11.625,2.25,13.5625],"rotation":0,"texture":"#0","tintindex":0}}},{"from":[3.3271427,17.768429,3.5027142],"to":[5.2442856,21.317001,5.957571],"rotation":{"angle":22.5,"axis":"z","origin":[4.8571424,19.542715,4.7301426]},"faces":{"east":{"uv":[6.125,13.375,6.6875,14.125],"rotation":0,"texture":"#0","tintindex":0},"south":{"uv":[1.75,13.625,2.1875,14.375],"rotation":0,"texture":"#0","tintindex":0},"north":{"uv":[1.25,13.625,1.6875,14.375],"rotation":0,"texture":"#0","tintindex":0},"west":{"uv":[6.75,13.375,7.3125,14.125],"rotation":0,"texture":"#0","tintindex":0},"up":{"uv":[14.3125,5.3125,13.875,4.75],"rotation":0,"texture":"#0","tintindex":0},"down":{"uv":[14.3125,8.25,13.875,8.8125],"rotation":0,"texture":"#0","tintindex":0}}},{"from":[10.755714,17.768429,3.5027142],"to":[12.672857,21.317001,5.957571],"rotation":{"angle":-22.5,"axis":"z","origin":[11.142858,19.542715,4.7301426]},"faces":{"east":{"uv":[0.0,13.25,0.5625,14.0],"rotation":0,"texture":"#0","tintindex":0},"south":{"uv":[13.625,1.125,14.0625,1.875],"rotation":0,"texture":"#0","tintindex":0},"north":{"uv":[10.5,6.25,10.9375,7.0],"rotation":0,"texture":"#0","tintindex":0},"west":{"uv":[13.25,13.25,13.8125,14.0],"rotation":0,"texture":"#0","tintindex":0},"up":{"uv":[13.0625,14.3125,12.625,13.75],"rotation":0,"texture":"#0","tintindex":0},"down":{"uv":[14.3125,4.125,13.875,4.6875],"rotation":0,"texture":"#0","tintindex":0}}}],"textures":{"0":"modelengine:entity/robot_gm_prototipo_one"},"display":{"head":{"translation":[0.0,-6.4,0.0],"scale":[4.0,4.0,4.0]}}}