{"elements":[{"from":[5.166714,5.5366073,6.8152437],"to":[10.908714,8.459465,10.992101],"rotation":{"angle":-22.5,"axis":"x","origin":[11.036,4.454857,8.113143]},"faces":{"east":{"uv":[12.625,6.375,13.5625,7.0],"rotation":0,"texture":"#0","tintindex":0},"south":{"uv":[11.875,10.75,13.125,11.375],"rotation":0,"texture":"#0","tintindex":0},"north":{"uv":[11.75,0.0,13.0,0.625],"rotation":0,"texture":"#0","tintindex":0},"west":{"uv":[11.5,12.625,12.4375,13.25],"rotation":0,"texture":"#0","tintindex":0},"up":{"uv":[10.0,2.3125,8.75,1.375],"rotation":0,"texture":"#0","tintindex":0},"down":{"uv":[10.0,2.375,8.75,3.3125],"rotation":0,"texture":"#0","tintindex":0}}},{"from":[5.7701426,0.51411295,5.7818356],"to":[10.229857,6.682685,9.958693],"rotation":{"angle":0.0,"axis":"y","origin":[6.152,5.2212563,7.8702645]},"faces":{"east":{"uv":[8.625,0.0,9.5625,1.375],"rotation":0,"texture":"#0","tintindex":0},"south":{"uv":[7.625,3.75,8.625,5.125],"rotation":0,"texture":"#0","tintindex":0},"north":{"uv":[1.75,7.625,2.75,9.0],"rotation":0,"texture":"#0","tintindex":0},"west":{"uv":[8.625,3.375,9.5625,4.75],"rotation":0,"texture":"#0","tintindex":0},"up":{"uv":[12.0,7.1875,11.0,6.25],"rotation":0,"texture":"#0","tintindex":0},"down":{"uv":[6.5,11.125,5.5,12.0625],"rotation":0,"texture":"#0","tintindex":0}}}],"textures":{"0":"modelengine:entity/robot_gm_prototipo_one"},"display":{"head":{"translation":[0.0,-6.4,0.0],"scale":[4.0,4.0,4.0]}}}