{"elements":[{"from":[5.9492855,5.5366073,6.8152437],"to":[11.691286,8.459465,10.992101],"rotation":{"angle":-22.5,"axis":"x","origin":[11.818571,4.454857,8.113143]},"faces":{"east":{"uv":[3.75,12.625,4.6875,13.25],"rotation":0,"texture":"#0","tintindex":0},"south":{"uv":[11.625,5.125,12.875,5.75],"rotation":0,"texture":"#0","tintindex":0},"north":{"uv":[11.25,10.125,12.5,10.75],"rotation":0,"texture":"#0","tintindex":0},"west":{"uv":[12.625,5.75,13.5625,6.375],"rotation":0,"texture":"#0","tintindex":0},"up":{"uv":[9.875,7.0625,8.625,6.125],"rotation":0,"texture":"#0","tintindex":0},"down":{"uv":[9.875,7.125,8.625,8.0625],"rotation":0,"texture":"#0","tintindex":0}}},{"from":[6.5527143,0.51411295,5.7818356],"to":[11.012428,6.682685,9.958693],"rotation":{"angle":0.0,"axis":"y","origin":[10.630571,5.2212563,7.8702645]},"faces":{"east":{"uv":[6.875,8.375,7.8125,9.75],"rotation":0,"texture":"#0","tintindex":0},"south":{"uv":[0.75,7.625,1.75,9.0],"rotation":0,"texture":"#0","tintindex":0},"north":{"uv":[7.625,0.0,8.625,1.375],"rotation":0,"texture":"#0","tintindex":0},"west":{"uv":[7.875,8.375,8.8125,9.75],"rotation":0,"texture":"#0","tintindex":0},"up":{"uv":[11.625,3.0625,10.625,2.125],"rotation":0,"texture":"#0","tintindex":0},"down":{"uv":[11.875,10.875,10.875,11.8125],"rotation":0,"texture":"#0","tintindex":0}}}],"textures":{"0":"modelengine:entity/robot_gm_prototipo_one"},"display":{"head":{"translation":[0.0,-6.4,0.0],"scale":[4.0,4.0,4.0]}}}