{"elements":[{"from":[6.3356786,1.2796068,7.96225],"to":[9.72325,8.301464,11.008393],"rotation":{"angle":0.0,"axis":"y","origin":[1.7335353,-26.158253,7.9979644]},"faces":{"east":{"uv":[6.875,9.75,7.5625,11.3125],"rotation":0,"texture":"#0","tintindex":0},"south":{"uv":[0.0,9.125,0.75,10.6875],"rotation":0,"texture":"#0","tintindex":0},"north":{"uv":[1.5,9.0,2.25,10.5625],"rotation":0,"texture":"#0","tintindex":0},"west":{"uv":[7.625,9.75,8.3125,11.3125],"rotation":0,"texture":"#0","tintindex":0},"up":{"uv":[13.875,4.8125,13.125,4.125],"rotation":0,"texture":"#0","tintindex":0},"down":{"uv":[13.875,8.5,13.125,9.1875],"rotation":0,"texture":"#0","tintindex":0}}},{"from":[6.528964,-0.5468216,5.8973927],"to":[9.412107,2.0743208,10.560535],"rotation":{"angle":-22.5,"axis":"x","origin":[5.9198213,0.7637496,8.228964]},"faces":{"east":{"uv":[12.5,12.625,13.5,13.1875],"rotation":0,"texture":"#0","tintindex":0},"south":{"uv":[13.5,12.25,14.125,12.8125],"rotation":0,"texture":"#0","tintindex":0},"north":{"uv":[9.25,13.375,9.875,13.9375],"rotation":0,"texture":"#0","tintindex":0},"west":{"uv":[7.0,12.75,8.0,13.3125],"rotation":0,"texture":"#0","tintindex":0},"up":{"uv":[0.625,13.25,0.0,12.25],"rotation":0,"texture":"#0","tintindex":0},"down":{"uv":[13.125,9.625,12.5,10.625],"rotation":0,"texture":"#0","tintindex":0}}},{"from":[6.7575355,-1.3468218,7.04025],"to":[9.183536,1.5600352,11.703393],"rotation":{"angle":0.0,"axis":"y","origin":[5.9198213,-0.036250114,9.371821]},"faces":{"east":{"uv":[12.625,0.625,13.625,1.25],"rotation":0,"texture":"#0","tintindex":0},"south":{"uv":[12.125,13.75,12.625,14.375],"rotation":0,"texture":"#0","tintindex":0},"north":{"uv":[2.25,9.0,2.75,9.625],"rotation":0,"texture":"#0","tintindex":0},"west":{"uv":[12.625,1.25,13.625,1.875],"rotation":0,"texture":"#0","tintindex":0},"up":{"uv":[5.375,9.625,4.875,8.625],"rotation":0,"texture":"#0","tintindex":0},"down":{"uv":[13.625,9.25,13.125,10.25],"rotation":0,"texture":"#0","tintindex":0}}}],"textures":{"0":"modelengine:entity/robot_gm_prototipo_one"},"display":{"head":{"translation":[0.0,-6.4,0.0],"scale":[4.0,4.0,4.0]}}}