{"elements":[{"from":[4.7414856,5.5217266,7.541002],"to":[11.258514,12.038755,14.87266],"rotation":{"angle":0.0,"axis":"y","origin":[8.0,11.02047,1.023973]},"faces":{"east":{"uv":[0.9375,6.375,1.25,6.65625],"rotation":0,"texture":"#0","tintindex":0},"south":{"uv":[6.59375,1.59375,6.875,1.875],"rotation":0,"texture":"#0","tintindex":0},"north":{"uv":[1.25,6.59375,1.53125,6.875],"rotation":0,"texture":"#0","tintindex":0},"west":{"uv":[4.09375,6.375,4.40625,6.65625],"rotation":0,"texture":"#0","tintindex":0},"up":{"uv":[4.6875,6.6875,4.40625,6.375],"rotation":0,"texture":"#0","tintindex":0},"down":{"uv":[6.6875,0.6875,6.40625,1.0],"rotation":0,"texture":"#0","tintindex":0}}},{"from":[5.556114,6.336355,14.87266],"to":[10.443886,11.224127,15.687288],"rotation":{"angle":0.0,"axis":"y","origin":[8.0,11.02047,1.023973]},"faces":{"east":{"uv":[1.46875,2.09375,1.5,2.3125],"rotation":0,"texture":"#0","tintindex":0},"south":{"uv":[7.15625,4.96875,7.375,5.1875],"rotation":0,"texture":"#0","tintindex":0},"north":{"uv":[3.59375,4.90625,3.8125,5.125],"rotation":0,"texture":"#0","tintindex":0},"west":{"uv":[4.375,2.1875,4.40625,2.40625],"rotation":0,"texture":"#0","tintindex":0},"up":{"uv":[5.59375,6.34375,5.375,6.3125],"rotation":0,"texture":"#0","tintindex":0},"down":{"uv":[7.84375,6.46875,7.625,6.5],"rotation":0,"texture":"#0","tintindex":0}}}],"textures":{"0":"modelengine:entity/toro_type02"},"display":{"head":{"translation":[0.0,-6.4,0.0],"scale":[4.0,4.0,4.0]}}}