{"elements":[{"from":[-2.3885717,7.1558857,-0.14628601],"to":[17.977142,9.5997715,16.960915],"rotation":{"angle":0.0,"axis":"y","origin":[9.830857,-18.301258,8.0]},"faces":{"east":{"uv":[6.46875,3.21875,7.1875,3.3125],"rotation":0,"texture":"#0","tintindex":0},"south":{"uv":[6.46875,1.28125,7.34375,1.375],"rotation":0,"texture":"#0","tintindex":0},"north":{"uv":[6.375,3.53125,7.25,3.625],"rotation":0,"texture":"#0","tintindex":0},"west":{"uv":[6.53125,2.84375,7.25,2.9375],"rotation":0,"texture":"#0","tintindex":0},"up":{"uv":[0.875,0.71875,0.0,0.0],"rotation":0,"texture":"#0","tintindex":0},"down":{"uv":[0.875,0.71875,0.0,1.4375],"rotation":0,"texture":"#0","tintindex":0}}},{"from":[-1.5739431,6.341257,0.6683421],"to":[17.162516,10.4144,16.146286],"rotation":{"angle":0.0,"axis":"y","origin":[9.830857,-18.301258,8.0]},"faces":{"east":{"uv":[5.6875,0.5,6.34375,0.6875],"rotation":0,"texture":"#0","tintindex":0},"south":{"uv":[5.1875,3.6875,5.96875,3.875],"rotation":0,"texture":"#0","tintindex":0},"north":{"uv":[5.09375,4.71875,5.875,4.90625],"rotation":0,"texture":"#0","tintindex":0},"west":{"uv":[5.71875,2.4375,6.375,2.625],"rotation":0,"texture":"#0","tintindex":0},"up":{"uv":[1.65625,0.65625,0.875,0.0],"rotation":0,"texture":"#0","tintindex":0},"down":{"uv":[1.65625,0.65625,0.875,1.3125],"rotation":0,"texture":"#0","tintindex":0}}},{"from":[2.9805708,3.3234282,2.816],"to":[12.608,7.0262856,11.702857],"rotation":{"angle":0.0,"axis":"y","origin":[9.645715,-17.412573,8.0]},"faces":{"east":{"uv":[6.96875,5.5,7.34375,5.65625],"rotation":0,"texture":"#0","tintindex":0},"south":{"uv":[6.78125,3.3125,7.1875,3.46875],"rotation":0,"texture":"#0","tintindex":0},"north":{"uv":[6.78125,2.9375,7.1875,3.09375],"rotation":0,"texture":"#0","tintindex":0},"west":{"uv":[3.34375,7.0,3.71875,7.15625],"rotation":0,"texture":"#0","tintindex":0},"up":{"uv":[5.34375,2.4375,4.9375,2.0625],"rotation":0,"texture":"#0","tintindex":0},"down":{"uv":[5.34375,2.4375,4.9375,2.8125],"rotation":0,"texture":"#0","tintindex":0}}},{"from":[5.037714,4.804571,10.0365715],"to":[10.221714,7.766857,14.1097145],"rotation":{"angle":0.0,"axis":"y","origin":[9.481143,-17.412573,4.8525715]},"faces":{"east":{"uv":[5.53125,4.59375,5.71875,4.71875],"rotation":0,"texture":"#0","tintindex":0},"south":{"uv":[2.40625,6.25,2.625,6.375],"rotation":0,"texture":"#0","tintindex":0},"north":{"uv":[4.40625,1.40625,4.625,1.53125],"rotation":0,"texture":"#0","tintindex":0},"west":{"uv":[5.96875,4.25,6.15625,4.375],"rotation":0,"texture":"#0","tintindex":0},"up":{"uv":[7.46875,4.5625,7.25,4.375],"rotation":0,"texture":"#0","tintindex":0},"down":{"uv":[6.875,7.25,6.65625,7.4375],"rotation":0,"texture":"#0","tintindex":0}}},{"from":[5.202286,0.36114264,1.890285],"to":[10.386286,7.0262856,8.5554285],"rotation":{"angle":0.0,"axis":"y","origin":[9.645715,-17.412573,4.8525715]},"faces":{"east":{"uv":[6.59375,1.875,6.875,2.15625],"rotation":0,"texture":"#0","tintindex":0},"south":{"uv":[6.96875,5.21875,7.1875,5.5],"rotation":0,"texture":"#0","tintindex":0},"north":{"uv":[4.09375,6.09375,4.3125,6.375],"rotation":0,"texture":"#0","tintindex":0},"west":{"uv":[1.96875,6.59375,2.25,6.875],"rotation":0,"texture":"#0","tintindex":0},"up":{"uv":[7.1875,6.65625,6.96875,6.375],"rotation":0,"texture":"#0","tintindex":0},"down":{"uv":[6.875,6.96875,6.65625,7.25],"rotation":0,"texture":"#0","tintindex":0}}},{"from":[2.1165714,4.886857,-0.5782862],"to":[5.346286,11.552,6.086857],"rotation":{"angle":0.0,"axis":"y","origin":[9.645715,-17.412573,4.8525715]},"faces":{"east":{"uv":[6.59375,1.875,6.875,2.15625],"rotation":0,"texture":"#0","tintindex":0},"south":{"uv":[6.96875,5.21875,7.1875,5.5],"rotation":0,"texture":"#0","tintindex":0},"north":{"uv":[4.09375,6.09375,4.3125,6.375],"rotation":0,"texture":"#0","tintindex":0},"west":{"uv":[1.96875,6.59375,2.25,6.875],"rotation":0,"texture":"#0","tintindex":0},"up":{"uv":[7.1875,6.65625,6.96875,6.375],"rotation":0,"texture":"#0","tintindex":0},"down":{"uv":[6.875,6.96875,6.65625,7.25],"rotation":0,"texture":"#0","tintindex":0}}},{"from":[10.242286,4.886857,-0.5782862],"to":[13.472,11.552,6.086857],"rotation":{"angle":0.0,"axis":"y","origin":[5.942857,-17.412573,4.8525715]},"faces":{"east":{"uv":[2.25,6.59375,1.96875,6.875],"rotation":0,"texture":"#0","tintindex":0},"south":{"uv":[7.1875,5.21875,6.96875,5.5],"rotation":0,"texture":"#0","tintindex":0},"north":{"uv":[4.3125,6.09375,4.09375,6.375],"rotation":0,"texture":"#0","tintindex":0},"west":{"uv":[6.875,1.875,6.59375,2.15625],"rotation":0,"texture":"#0","tintindex":0},"up":{"uv":[6.96875,6.65625,7.1875,6.375],"rotation":0,"texture":"#0","tintindex":0},"down":{"uv":[6.65625,6.96875,6.875,7.25],"rotation":0,"texture":"#0","tintindex":0}}}],"textures":{"0":"modelengine:entity/toro_type02"},"display":{"head":{"translation":[0.0,-6.4,0.0],"scale":[4.0,4.0,4.0]}}}