{"elements":[{"from":[5.693714,-7.408001,2.630857],"to":[11.618286,2.96,4.112],"rotation":{"angle":0.0,"axis":"y","origin":[16.802286,-16.665144,8.0]},"faces":{"east":{"uv":[0.6875,6.25,0.75,6.6875],"rotation":0,"texture":"#0","tintindex":0},"south":{"uv":[0.0,6.15625,0.25,6.59375],"rotation":0,"texture":"#0","tintindex":0},"north":{"uv":[1.53125,6.125,1.78125,6.5625],"rotation":0,"texture":"#0","tintindex":0},"west":{"uv":[5.0625,7.46875,5.125,7.90625],"rotation":0,"texture":"#0","tintindex":0},"up":{"uv":[0.625,2.71875,0.375,2.65625],"rotation":0,"texture":"#0","tintindex":0},"down":{"uv":[4.4375,5.0625,4.1875,5.125],"rotation":0,"texture":"#0","tintindex":0}}},{"from":[4.953143,-8.518858,4.112],"to":[12.358857,7.033143,11.5177145],"rotation":{"angle":0.0,"axis":"y","origin":[16.802286,-16.665144,8.0]},"faces":{"east":{"uv":[3.9375,0.4375,4.25,1.09375],"rotation":0,"texture":"#0","tintindex":0},"south":{"uv":[3.875,3.9375,4.1875,4.59375],"rotation":0,"texture":"#0","tintindex":0},"north":{"uv":[3.875,3.28125,4.1875,3.9375],"rotation":0,"texture":"#0","tintindex":0},"west":{"uv":[0.0,3.96875,0.3125,4.625],"rotation":0,"texture":"#0","tintindex":0},"up":{"uv":[6.46875,1.4375,6.15625,1.125],"rotation":0,"texture":"#0","tintindex":0},"down":{"uv":[2.9375,6.15625,2.625,6.46875],"rotation":0,"texture":"#0","tintindex":0}}},{"from":[4.212571,-7.037715,6.3337145],"to":[6.6194286,4.8114285,12.2582855],"rotation":{"angle":0.0,"axis":"y","origin":[16.802286,-16.665144,8.0]},"faces":{"east":{"uv":[5.125,5.6875,5.375,6.1875],"rotation":0,"texture":"#0","tintindex":0},"south":{"uv":[1.125,7.1875,1.21875,7.6875],"rotation":0,"texture":"#0","tintindex":0},"north":{"uv":[4.5625,7.09375,4.65625,7.59375],"rotation":0,"texture":"#0","tintindex":0},"west":{"uv":[5.71875,1.4375,5.96875,1.9375],"rotation":0,"texture":"#0","tintindex":0},"up":{"uv":[2.0625,5.75,1.96875,5.5],"rotation":0,"texture":"#0","tintindex":0},"down":{"uv":[6.96875,0.0,6.875,0.25],"rotation":0,"texture":"#0","tintindex":0}}},{"from":[5.693714,-5.186286,11.5177145],"to":[11.618286,6.662857,12.9988575],"rotation":{"angle":0.0,"axis":"y","origin":[16.802286,-16.665144,8.0]},"faces":{"east":{"uv":[6.59375,7.375,6.65625,7.875],"rotation":0,"texture":"#0","tintindex":0},"south":{"uv":[1.28125,5.65625,1.53125,6.15625],"rotation":0,"texture":"#0","tintindex":0},"north":{"uv":[0.875,3.4375,1.125,3.9375],"rotation":0,"texture":"#0","tintindex":0},"west":{"uv":[3.1875,7.40625,3.25,7.90625],"rotation":0,"texture":"#0","tintindex":0},"up":{"uv":[5.9375,3.375,5.6875,3.3125],"rotation":0,"texture":"#0","tintindex":0},"down":{"uv":[6.125,4.84375,5.875,4.90625],"rotation":0,"texture":"#0","tintindex":0}}}],"textures":{"0":"modelengine:entity/toro_type02"},"display":{"head":{"translation":[0.0,-6.4,0.0],"scale":[4.0,4.0,4.0]}}}