{"elements":[{"from":[4.1771426,-4.063429,4.4662857],"to":[13.249144,12.59943,13.353144],"rotation":{"angle":0.0,"axis":"y","origin":[33.429714,-5.174286,7.428571]},"faces":{"east":{"uv":[0.375,2.71875,0.75,3.4375],"rotation":0,"texture":"#0","tintindex":0},"south":{"uv":[0.75,2.71875,1.125,3.4375],"rotation":0,"texture":"#0","tintindex":0},"north":{"uv":[0.0,2.65625,0.375,3.375],"rotation":0,"texture":"#0","tintindex":0},"west":{"uv":[2.90625,2.625,3.28125,3.34375],"rotation":0,"texture":"#0","tintindex":0},"up":{"uv":[5.71875,2.75,5.34375,2.375],"rotation":0,"texture":"#0","tintindex":0},"down":{"uv":[2.4375,5.375,2.0625,5.75],"rotation":0,"texture":"#0","tintindex":0}}},{"from":[4.5474286,12.229144,5.2068567],"to":[11.768,16.302288,11.872],"rotation":{"angle":0.0,"axis":"y","origin":[33.429714,-5.174286,7.428571]},"faces":{"east":{"uv":[7.0625,4.65625,7.34375,4.84375],"rotation":0,"texture":"#0","tintindex":0},"south":{"uv":[5.96875,2.1875,6.28125,2.375],"rotation":0,"texture":"#0","tintindex":0},"north":{"uv":[4.03125,1.84375,4.34375,2.03125],"rotation":0,"texture":"#0","tintindex":0},"west":{"uv":[7.0625,7.03125,7.34375,7.21875],"rotation":0,"texture":"#0","tintindex":0},"up":{"uv":[6.78125,3.21875,6.46875,2.9375],"rotation":0,"texture":"#0","tintindex":0},"down":{"uv":[6.78125,4.21875,6.46875,4.5],"rotation":0,"texture":"#0","tintindex":0}}},{"from":[13.064001,2.7868576,5.7622857],"to":[16.21143,15.006287,12.427429],"rotation":{"angle":0.0,"axis":"y","origin":[33.429714,-5.174286,7.428571]},"faces":{"east":{"uv":[0.875,4.9375,1.15625,5.46875],"rotation":0,"texture":"#0","tintindex":0},"south":{"uv":[1.125,6.65625,1.25,7.1875],"rotation":0,"texture":"#0","tintindex":0},"north":{"uv":[0.75,5.53125,0.875,6.0625],"rotation":0,"texture":"#0","tintindex":0},"west":{"uv":[5.1875,3.15625,5.46875,3.6875],"rotation":0,"texture":"#0","tintindex":0},"up":{"uv":[3.0625,7.59375,2.9375,7.3125],"rotation":0,"texture":"#0","tintindex":0},"down":{"uv":[7.5,4.09375,7.375,4.375],"rotation":0,"texture":"#0","tintindex":0}}},{"from":[3.806857,-8.13657,3.5405712],"to":[13.804571,0.009714127,13.908571],"rotation":{"angle":0.0,"axis":"y","origin":[33.429714,-5.174286,7.428571]},"faces":{"east":{"uv":[0.0,5.125,0.4375,5.46875],"rotation":0,"texture":"#0","tintindex":0},"south":{"uv":[2.71875,5.125,3.15625,5.46875],"rotation":0,"texture":"#0","tintindex":0},"north":{"uv":[5.09375,4.375,5.53125,4.71875],"rotation":0,"texture":"#0","tintindex":0},"west":{"uv":[3.59375,5.125,4.03125,5.46875],"rotation":0,"texture":"#0","tintindex":0},"up":{"uv":[3.4375,4.59375,3.0,4.15625],"rotation":0,"texture":"#0","tintindex":0},"down":{"uv":[4.625,4.21875,4.1875,4.65625],"rotation":0,"texture":"#0","tintindex":0}}},{"from":[5.8434286,-4.433714,2.7999997],"to":[10.657143,10.377715,5.3919997],"rotation":{"angle":0.0,"axis":"y","origin":[33.429714,-5.174286,7.428571]},"faces":{"east":{"uv":[3.15625,3.34375,3.28125,3.96875],"rotation":0,"texture":"#0","tintindex":0},"south":{"uv":[5.46875,2.75,5.6875,3.375],"rotation":0,"texture":"#0","tintindex":0},"north":{"uv":[0.875,5.46875,1.09375,6.09375],"rotation":0,"texture":"#0","tintindex":0},"west":{"uv":[5.96875,6.5,6.09375,7.125],"rotation":0,"texture":"#0","tintindex":0},"up":{"uv":[7.65625,6.03125,7.4375,5.90625],"rotation":0,"texture":"#0","tintindex":0},"down":{"uv":[7.71875,6.21875,7.5,6.34375],"rotation":0,"texture":"#0","tintindex":0}}},{"from":[5.8434286,-4.433714,12.612572],"to":[10.657143,10.377715,15.204572],"rotation":{"angle":0.0,"axis":"y","origin":[33.429714,-5.174286,7.428571]},"faces":{"east":{"uv":[5.125,6.5625,5.25,7.1875],"rotation":0,"texture":"#0","tintindex":0},"south":{"uv":[3.65625,5.46875,3.875,6.09375],"rotation":0,"texture":"#0","tintindex":0},"north":{"uv":[3.4375,5.46875,3.65625,6.09375],"rotation":0,"texture":"#0","tintindex":0},"west":{"uv":[5.25,6.5625,5.375,7.1875],"rotation":0,"texture":"#0","tintindex":0},"up":{"uv":[7.21875,7.625,7.0,7.5],"rotation":0,"texture":"#0","tintindex":0},"down":{"uv":[7.4375,7.5,7.21875,7.625],"rotation":0,"texture":"#0","tintindex":0}}},{"from":[6.7691426,-15.357143,4.8365717],"to":[11.212572,-7.2108574,9.28],"rotation":{"angle":45.0,"axis":"z","origin":[6.398857,-12.209715,8.909715]},"faces":{"east":{"uv":[6.78125,5.34375,6.96875,5.6875],"rotation":0,"texture":"#0","tintindex":0},"south":{"uv":[0.25,6.8125,0.4375,7.15625],"rotation":0,"texture":"#0","tintindex":0},"north":{"uv":[6.78125,5.0,6.96875,5.34375],"rotation":0,"texture":"#0","tintindex":0},"west":{"uv":[6.8125,5.6875,7.0,6.03125],"rotation":0,"texture":"#0","tintindex":0},"up":{"uv":[7.53125,4.84375,7.34375,4.65625],"rotation":0,"texture":"#0","tintindex":0},"down":{"uv":[7.53125,7.03125,7.34375,7.21875],"rotation":0,"texture":"#0","tintindex":0}}},{"from":[6.7691426,-15.357143,10.622286],"to":[11.212572,-7.2108574,15.065714],"rotation":{"angle":45.0,"axis":"z","origin":[6.398857,-12.209715,8.909715]},"faces":{"east":{"uv":[6.78125,5.34375,6.96875,5.6875],"rotation":0,"texture":"#0","tintindex":0},"south":{"uv":[0.25,6.8125,0.4375,7.15625],"rotation":0,"texture":"#0","tintindex":0},"north":{"uv":[6.78125,5.0,6.96875,5.34375],"rotation":0,"texture":"#0","tintindex":0},"west":{"uv":[6.8125,5.6875,7.0,6.03125],"rotation":0,"texture":"#0","tintindex":0},"up":{"uv":[7.53125,4.84375,7.34375,4.65625],"rotation":0,"texture":"#0","tintindex":0},"down":{"uv":[7.53125,7.03125,7.34375,7.21875],"rotation":0,"texture":"#0","tintindex":0}}},{"from":[7.6691427,-16.0,10.108],"to":[15.198286,-11.968,14.551429],"rotation":{"angle":45.0,"axis":"z","origin":[6.398857,-12.209715,8.909715]},"faces":{"east":{"uv":[6.78125,5.34375,6.96875,5.6875],"rotation":0,"texture":"#0","tintindex":0},"south":{"uv":[0.25,6.8125,0.4375,7.15625],"rotation":0,"texture":"#0","tintindex":0},"north":{"uv":[6.78125,5.0,6.96875,5.34375],"rotation":0,"texture":"#0","tintindex":0},"west":{"uv":[6.8125,5.6875,7.0,6.03125],"rotation":0,"texture":"#0","tintindex":0},"up":{"uv":[7.53125,4.84375,7.34375,4.65625],"rotation":0,"texture":"#0","tintindex":0},"down":{"uv":[7.53125,7.03125,7.34375,7.21875],"rotation":0,"texture":"#0","tintindex":0}}},{"from":[7.6691427,-16.0,5.4794283],"to":[15.198286,-11.968,9.922857],"rotation":{"angle":45.0,"axis":"z","origin":[6.398857,-12.209715,8.909715]},"faces":{"east":{"uv":[6.78125,5.34375,6.96875,5.6875],"rotation":0,"texture":"#0","tintindex":0},"south":{"uv":[0.25,6.8125,0.4375,7.15625],"rotation":0,"texture":"#0","tintindex":0},"north":{"uv":[6.78125,5.0,6.96875,5.34375],"rotation":0,"texture":"#0","tintindex":0},"west":{"uv":[6.8125,5.6875,7.0,6.03125],"rotation":0,"texture":"#0","tintindex":0},"up":{"uv":[7.53125,4.84375,7.34375,4.65625],"rotation":0,"texture":"#0","tintindex":0},"down":{"uv":[7.53125,7.03125,7.34375,7.21875],"rotation":0,"texture":"#0","tintindex":0}}},{"from":[11.768,-9.802856,2.0594282],"to":[15.841143,-5.544571,8.724571],"rotation":{"angle":22.5,"axis":"y","origin":[12.693714,-6.285143,6.8731427]},"faces":{"east":{"uv":[4.8125,4.03125,5.09375,4.21875],"rotation":0,"texture":"#0","tintindex":0},"south":{"uv":[4.03125,7.34375,4.21875,7.53125],"rotation":0,"texture":"#0","tintindex":0},"north":{"uv":[0.9375,7.34375,1.125,7.53125],"rotation":0,"texture":"#0","tintindex":0},"west":{"uv":[7.03125,1.09375,7.3125,1.28125],"rotation":0,"texture":"#0","tintindex":0},"up":{"uv":[5.0625,7.3125,4.875,7.03125],"rotation":0,"texture":"#0","tintindex":0},"down":{"uv":[7.0625,7.03125,6.875,7.3125],"rotation":0,"texture":"#0","tintindex":0}}},{"from":[1.9554281,-2.212,5.2068567],"to":[4.1771426,17.78343,12.612572],"rotation":{"angle":0.0,"axis":"y","origin":[33.429714,-5.174286,7.428571]},"faces":{"east":{"uv":[2.25,3.25,2.5625,4.09375],"rotation":0,"texture":"#0","tintindex":0},"south":{"uv":[3.25,6.25,3.34375,7.09375],"rotation":0,"texture":"#0","tintindex":0},"north":{"uv":[0.59375,6.25,0.6875,7.09375],"rotation":0,"texture":"#0","tintindex":0},"west":{"uv":[2.5625,3.25,2.875,4.09375],"rotation":0,"texture":"#0","tintindex":0},"up":{"uv":[2.71875,5.84375,2.625,5.53125],"rotation":0,"texture":"#0","tintindex":0},"down":{"uv":[3.4375,5.75,3.34375,6.0625],"rotation":0,"texture":"#0","tintindex":0}}},{"from":[-1.6692572,18.005602,5.2809143],"to":[0.55245686,20.967888,12.538515],"rotation":{"angle":45.0,"axis":"z","origin":[3.0662856,22.22686,8.909715]},"faces":{"east":{"uv":[5.1875,3.875,5.5,4.0],"rotation":0,"texture":"#0","tintindex":0},"south":{"uv":[6.875,4.875,6.96875,5.0],"rotation":0,"texture":"#0","tintindex":0},"north":{"uv":[6.8125,6.03125,6.90625,6.15625],"rotation":0,"texture":"#0","tintindex":0},"west":{"uv":[7.25,2.78125,7.5625,2.90625],"rotation":0,"texture":"#0","tintindex":0},"up":{"uv":[7.53125,5.90625,7.4375,5.59375],"rotation":0,"texture":"#0","tintindex":0},"down":{"uv":[6.75,7.4375,6.65625,7.75],"rotation":0,"texture":"#0","tintindex":0}}}],"textures":{"0":"modelengine:entity/toro_type02"},"display":{"head":{"translation":[0.0,-32.555435,0.0],"scale":[4.0,4.0,4.0]}}}