{"elements":[{"from":[7.857143,-8.57143,1.7142854],"to":[7.857143,7.428571,8.0],"rotation":{"angle":0.0,"axis":"y","origin":[8.0,14.857143,8.0]},"faces":{"east":{"uv":[8.125,0.0,8.46875,0.875],"rotation":0,"texture":"#0","tintindex":0},"south":{"uv":[0.0,0.0,0.0,0.875],"rotation":0,"texture":"#0","tintindex":0},"north":{"uv":[0.0,0.0,0.0,0.875],"rotation":0,"texture":"#0","tintindex":0},"west":{"uv":[8.46875,0.0,8.125,0.875],"rotation":0,"texture":"#0","tintindex":0},"up":{"uv":[0.0,0.0,0.0,0.34375],"rotation":0,"texture":"#0","tintindex":0},"down":{"uv":[0.0,0.0,0.0,0.34375],"rotation":0,"texture":"#0","tintindex":0}}},{"from":[4.938286,-8.57143,4.5622854],"to":[11.224,7.428571,4.5622854],"rotation":{"angle":0.0,"axis":"y","origin":[0.22399998,14.857143,1.7051425]},"faces":{"east":{"uv":[0.0,0.0,0.0,0.875],"rotation":0,"texture":"#0","tintindex":0},"south":{"uv":[8.46875,0.0,8.125,0.875],"rotation":0,"texture":"#0","tintindex":0},"north":{"uv":[8.125,0.0,8.46875,0.875],"rotation":0,"texture":"#0","tintindex":0},"west":{"uv":[0.0,0.0,0.0,0.875],"rotation":0,"texture":"#0","tintindex":0},"up":{"uv":[0.0,0.34375,0.0,0.0],"rotation":90,"texture":"#0","tintindex":0},"down":{"uv":[0.0,0.34375,0.0,0.0],"rotation":270,"texture":"#0","tintindex":0}}}],"textures":{"0":"modelengine:entity/toro_type02"},"display":{"head":{"translation":[0.0,-6.4,0.0],"scale":[4.0,4.0,4.0]}}}