{"elements":[{"from":[7.714286,7.714286,7.714286],"to":[8.285714,8.285714,8.285714],"rotation":{"angle":0.0,"axis":"y","origin":[8.285714,7.714286,7.714286]},"faces":{"east":{"uv":[1.0,0.0,0.0,1.0],"rotation":0,"texture":"#missing","tintindex":0},"south":{"uv":[1.0,0.0,0.0,1.0],"rotation":0,"texture":"#missing","tintindex":0},"north":{"uv":[1.0,0.0,0.0,1.0],"rotation":0,"texture":"#missing","tintindex":0},"west":{"uv":[1.0,0.0,0.0,1.0],"rotation":0,"texture":"#missing","tintindex":0},"up":{"uv":[1.0,0.0,0.0,1.0],"rotation":0,"texture":"#missing","tintindex":0},"down":{"uv":[1.0,0.0,0.0,1.0],"rotation":0,"texture":"#missing","tintindex":0}}}],"textures":{},"display":{"head":{"translation":[0.0,-6.4,0.0],"scale":[4.0,4.0,4.0]}}}