{"elements":[{"from":[4.438857,-7.408001,2.630857],"to":[10.363429,2.96,4.112],"rotation":{"angle":0.0,"axis":"y","origin":[-0.74514294,-16.665144,8.0]},"faces":{"east":{"uv":[5.125,7.46875,5.0625,7.90625],"rotation":0,"texture":"#0","tintindex":0},"south":{"uv":[0.25,6.15625,0.0,6.59375],"rotation":0,"texture":"#0","tintindex":0},"north":{"uv":[1.78125,6.125,1.53125,6.5625],"rotation":0,"texture":"#0","tintindex":0},"west":{"uv":[0.75,6.25,0.6875,6.6875],"rotation":0,"texture":"#0","tintindex":0},"up":{"uv":[0.375,2.71875,0.625,2.65625],"rotation":0,"texture":"#0","tintindex":0},"down":{"uv":[4.1875,5.0625,4.4375,5.125],"rotation":0,"texture":"#0","tintindex":0}}},{"from":[3.6982856,-8.518858,4.112],"to":[11.104,7.033143,11.5177145],"rotation":{"angle":0.0,"axis":"y","origin":[-0.74514294,-16.665144,8.0]},"faces":{"east":{"uv":[0.3125,3.96875,0.0,4.625],"rotation":0,"texture":"#0","tintindex":0},"south":{"uv":[4.1875,3.9375,3.875,4.59375],"rotation":0,"texture":"#0","tintindex":0},"north":{"uv":[4.1875,3.28125,3.875,3.9375],"rotation":0,"texture":"#0","tintindex":0},"west":{"uv":[4.25,0.4375,3.9375,1.09375],"rotation":0,"texture":"#0","tintindex":0},"up":{"uv":[6.15625,1.4375,6.46875,1.125],"rotation":0,"texture":"#0","tintindex":0},"down":{"uv":[2.625,6.15625,2.9375,6.46875],"rotation":0,"texture":"#0","tintindex":0}}},{"from":[9.437715,-7.037715,6.3337145],"to":[11.844572,4.8114285,12.2582855],"rotation":{"angle":0.0,"axis":"y","origin":[-0.74514294,-16.665144,8.0]},"faces":{"east":{"uv":[5.96875,1.4375,5.71875,1.9375],"rotation":0,"texture":"#0","tintindex":0},"south":{"uv":[1.21875,7.1875,1.125,7.6875],"rotation":0,"texture":"#0","tintindex":0},"north":{"uv":[4.65625,7.09375,4.5625,7.59375],"rotation":0,"texture":"#0","tintindex":0},"west":{"uv":[5.375,5.6875,5.125,6.1875],"rotation":0,"texture":"#0","tintindex":0},"up":{"uv":[1.96875,5.75,2.0625,5.5],"rotation":0,"texture":"#0","tintindex":0},"down":{"uv":[6.875,0.0,6.96875,0.25],"rotation":0,"texture":"#0","tintindex":0}}},{"from":[4.438857,-5.186286,11.5177145],"to":[10.363429,6.662857,12.9988575],"rotation":{"angle":0.0,"axis":"y","origin":[-0.74514294,-16.665144,8.0]},"faces":{"east":{"uv":[3.25,7.40625,3.1875,7.90625],"rotation":0,"texture":"#0","tintindex":0},"south":{"uv":[1.53125,5.65625,1.28125,6.15625],"rotation":0,"texture":"#0","tintindex":0},"north":{"uv":[1.125,3.4375,0.875,3.9375],"rotation":0,"texture":"#0","tintindex":0},"west":{"uv":[6.65625,7.375,6.59375,7.875],"rotation":0,"texture":"#0","tintindex":0},"up":{"uv":[5.6875,3.375,5.9375,3.3125],"rotation":0,"texture":"#0","tintindex":0},"down":{"uv":[5.875,4.84375,6.125,4.90625],"rotation":0,"texture":"#0","tintindex":0}}}],"textures":{"0":"modelengine:entity/toro_type02"},"display":{"head":{"translation":[0.0,-6.4,0.0],"scale":[4.0,4.0,4.0]}}}