{"elements":[{"from":[2.7508569,-4.063429,4.4662857],"to":[11.822857,12.59943,13.353144],"rotation":{"angle":0.0,"axis":"y","origin":[-17.429714,-5.174286,7.428571]},"faces":{"east":{"uv":[3.28125,2.625,2.90625,3.34375],"rotation":0,"texture":"#0","tintindex":0},"south":{"uv":[1.125,2.71875,0.75,3.4375],"rotation":0,"texture":"#0","tintindex":0},"north":{"uv":[0.375,2.65625,0.0,3.375],"rotation":0,"texture":"#0","tintindex":0},"west":{"uv":[0.75,2.71875,0.375,3.4375],"rotation":0,"texture":"#0","tintindex":0},"up":{"uv":[5.34375,2.75,5.71875,2.375],"rotation":0,"texture":"#0","tintindex":0},"down":{"uv":[2.0625,5.375,2.4375,5.75],"rotation":0,"texture":"#0","tintindex":0}}},{"from":[4.232,12.229144,5.2068567],"to":[11.452572,16.302288,11.872],"rotation":{"angle":0.0,"axis":"y","origin":[-17.429714,-5.174286,7.428571]},"faces":{"east":{"uv":[7.34375,7.03125,7.0625,7.21875],"rotation":0,"texture":"#0","tintindex":0},"south":{"uv":[6.28125,2.1875,5.96875,2.375],"rotation":0,"texture":"#0","tintindex":0},"north":{"uv":[4.34375,1.84375,4.03125,2.03125],"rotation":0,"texture":"#0","tintindex":0},"west":{"uv":[7.34375,4.65625,7.0625,4.84375],"rotation":0,"texture":"#0","tintindex":0},"up":{"uv":[6.46875,3.21875,6.78125,2.9375],"rotation":0,"texture":"#0","tintindex":0},"down":{"uv":[6.46875,4.21875,6.78125,4.5],"rotation":0,"texture":"#0","tintindex":0}}},{"from":[-0.21142864,2.7868576,5.7622857],"to":[2.9359994,15.006287,12.427429],"rotation":{"angle":0.0,"axis":"y","origin":[-17.429714,-5.174286,7.428571]},"faces":{"east":{"uv":[5.46875,3.15625,5.1875,3.6875],"rotation":0,"texture":"#0","tintindex":0},"south":{"uv":[1.25,6.65625,1.125,7.1875],"rotation":0,"texture":"#0","tintindex":0},"north":{"uv":[0.875,5.53125,0.75,6.0625],"rotation":0,"texture":"#0","tintindex":0},"west":{"uv":[1.15625,4.9375,0.875,5.46875],"rotation":0,"texture":"#0","tintindex":0},"up":{"uv":[2.9375,7.59375,3.0625,7.3125],"rotation":0,"texture":"#0","tintindex":0},"down":{"uv":[7.375,4.09375,7.5,4.375],"rotation":0,"texture":"#0","tintindex":0}}},{"from":[2.1954284,-8.13657,3.5405712],"to":[12.193143,0.009714127,13.908571],"rotation":{"angle":0.0,"axis":"y","origin":[-17.429714,-5.174286,7.428571]},"faces":{"east":{"uv":[4.03125,5.125,3.59375,5.46875],"rotation":0,"texture":"#0","tintindex":0},"south":{"uv":[3.15625,5.125,2.71875,5.46875],"rotation":0,"texture":"#0","tintindex":0},"north":{"uv":[5.53125,4.375,5.09375,4.71875],"rotation":0,"texture":"#0","tintindex":0},"west":{"uv":[0.4375,5.125,0.0,5.46875],"rotation":0,"texture":"#0","tintindex":0},"up":{"uv":[3.0,4.59375,3.4375,4.15625],"rotation":0,"texture":"#0","tintindex":0},"down":{"uv":[4.1875,4.21875,4.625,4.65625],"rotation":0,"texture":"#0","tintindex":0}}},{"from":[5.342857,-4.433714,2.7999997],"to":[10.156571,10.377715,5.3919997],"rotation":{"angle":0.0,"axis":"y","origin":[-17.429714,-5.174286,7.428571]},"faces":{"east":{"uv":[6.09375,6.5,5.96875,7.125],"rotation":0,"texture":"#0","tintindex":0},"south":{"uv":[5.6875,2.75,5.46875,3.375],"rotation":0,"texture":"#0","tintindex":0},"north":{"uv":[1.09375,5.46875,0.875,6.09375],"rotation":0,"texture":"#0","tintindex":0},"west":{"uv":[3.28125,3.34375,3.15625,3.96875],"rotation":0,"texture":"#0","tintindex":0},"up":{"uv":[7.4375,6.03125,7.65625,5.90625],"rotation":0,"texture":"#0","tintindex":0},"down":{"uv":[7.5,6.21875,7.71875,6.34375],"rotation":0,"texture":"#0","tintindex":0}}},{"from":[5.342857,-4.433714,12.612572],"to":[10.156571,10.377715,15.204572],"rotation":{"angle":0.0,"axis":"y","origin":[-17.429714,-5.174286,7.428571]},"faces":{"east":{"uv":[5.375,6.5625,5.25,7.1875],"rotation":0,"texture":"#0","tintindex":0},"south":{"uv":[3.875,5.46875,3.65625,6.09375],"rotation":0,"texture":"#0","tintindex":0},"north":{"uv":[3.65625,5.46875,3.4375,6.09375],"rotation":0,"texture":"#0","tintindex":0},"west":{"uv":[5.25,6.5625,5.125,7.1875],"rotation":0,"texture":"#0","tintindex":0},"up":{"uv":[7.0,7.625,7.21875,7.5],"rotation":0,"texture":"#0","tintindex":0},"down":{"uv":[7.21875,7.5,7.4375,7.625],"rotation":0,"texture":"#0","tintindex":0}}},{"from":[4.7874284,-15.357143,4.8365717],"to":[9.230857,-7.2108574,9.28],"rotation":{"angle":-45.0,"axis":"z","origin":[9.601143,-12.209715,8.909715]},"faces":{"east":{"uv":[7.0,5.6875,6.8125,6.03125],"rotation":0,"texture":"#0","tintindex":0},"south":{"uv":[0.4375,6.8125,0.25,7.15625],"rotation":0,"texture":"#0","tintindex":0},"north":{"uv":[6.96875,5.0,6.78125,5.34375],"rotation":0,"texture":"#0","tintindex":0},"west":{"uv":[6.96875,5.34375,6.78125,5.6875],"rotation":0,"texture":"#0","tintindex":0},"up":{"uv":[7.34375,4.84375,7.53125,4.65625],"rotation":0,"texture":"#0","tintindex":0},"down":{"uv":[7.34375,7.03125,7.53125,7.21875],"rotation":0,"texture":"#0","tintindex":0}}},{"from":[4.7874284,-15.357143,10.622286],"to":[9.230857,-7.2108574,15.065714],"rotation":{"angle":-45.0,"axis":"z","origin":[9.601143,-12.209715,8.909715]},"faces":{"east":{"uv":[7.0,5.6875,6.8125,6.03125],"rotation":0,"texture":"#0","tintindex":0},"south":{"uv":[0.4375,6.8125,0.25,7.15625],"rotation":0,"texture":"#0","tintindex":0},"north":{"uv":[6.96875,5.0,6.78125,5.34375],"rotation":0,"texture":"#0","tintindex":0},"west":{"uv":[6.96875,5.34375,6.78125,5.6875],"rotation":0,"texture":"#0","tintindex":0},"up":{"uv":[7.34375,4.84375,7.53125,4.65625],"rotation":0,"texture":"#0","tintindex":0},"down":{"uv":[7.34375,7.03125,7.53125,7.21875],"rotation":0,"texture":"#0","tintindex":0}}},{"from":[0.80171394,-16.0,10.108],"to":[8.330857,-11.968,14.551429],"rotation":{"angle":-45.0,"axis":"z","origin":[9.601143,-12.209715,8.909715]},"faces":{"east":{"uv":[7.0,5.6875,6.8125,6.03125],"rotation":0,"texture":"#0","tintindex":0},"south":{"uv":[0.4375,6.8125,0.25,7.15625],"rotation":0,"texture":"#0","tintindex":0},"north":{"uv":[6.96875,5.0,6.78125,5.34375],"rotation":0,"texture":"#0","tintindex":0},"west":{"uv":[6.96875,5.34375,6.78125,5.6875],"rotation":0,"texture":"#0","tintindex":0},"up":{"uv":[7.34375,4.84375,7.53125,4.65625],"rotation":0,"texture":"#0","tintindex":0},"down":{"uv":[7.34375,7.03125,7.53125,7.21875],"rotation":0,"texture":"#0","tintindex":0}}},{"from":[0.80171394,-16.0,5.4794283],"to":[8.330857,-11.968,9.922857],"rotation":{"angle":-45.0,"axis":"z","origin":[9.601143,-12.209715,8.909715]},"faces":{"east":{"uv":[7.0,5.6875,6.8125,6.03125],"rotation":0,"texture":"#0","tintindex":0},"south":{"uv":[0.4375,6.8125,0.25,7.15625],"rotation":0,"texture":"#0","tintindex":0},"north":{"uv":[6.96875,5.0,6.78125,5.34375],"rotation":0,"texture":"#0","tintindex":0},"west":{"uv":[6.96875,5.34375,6.78125,5.6875],"rotation":0,"texture":"#0","tintindex":0},"up":{"uv":[7.34375,4.84375,7.53125,4.65625],"rotation":0,"texture":"#0","tintindex":0},"down":{"uv":[7.34375,7.03125,7.53125,7.21875],"rotation":0,"texture":"#0","tintindex":0}}},{"from":[0.15885687,-9.802856,2.0594282],"to":[4.232,-5.544571,8.724571],"rotation":{"angle":-22.5,"axis":"y","origin":[3.3062859,-6.285143,6.8731427]},"faces":{"east":{"uv":[7.3125,1.09375,7.03125,1.28125],"rotation":0,"texture":"#0","tintindex":0},"south":{"uv":[4.21875,7.34375,4.03125,7.53125],"rotation":0,"texture":"#0","tintindex":0},"north":{"uv":[1.125,7.34375,0.9375,7.53125],"rotation":0,"texture":"#0","tintindex":0},"west":{"uv":[5.09375,4.03125,4.8125,4.21875],"rotation":0,"texture":"#0","tintindex":0},"up":{"uv":[4.875,7.3125,5.0625,7.03125],"rotation":0,"texture":"#0","tintindex":0},"down":{"uv":[6.875,7.03125,7.0625,7.3125],"rotation":0,"texture":"#0","tintindex":0}}},{"from":[11.822857,-2.212,5.2068567],"to":[14.044572,17.78343,12.612572],"rotation":{"angle":0.0,"axis":"y","origin":[-17.429714,-5.174286,7.428571]},"faces":{"east":{"uv":[2.875,3.25,2.5625,4.09375],"rotation":0,"texture":"#0","tintindex":0},"south":{"uv":[3.34375,6.25,3.25,7.09375],"rotation":0,"texture":"#0","tintindex":0},"north":{"uv":[0.6875,6.25,0.59375,7.09375],"rotation":0,"texture":"#0","tintindex":0},"west":{"uv":[2.5625,3.25,2.25,4.09375],"rotation":0,"texture":"#0","tintindex":0},"up":{"uv":[2.625,5.84375,2.71875,5.53125],"rotation":0,"texture":"#0","tintindex":0},"down":{"uv":[3.34375,5.75,3.4375,6.0625],"rotation":0,"texture":"#0","tintindex":0}}},{"from":[15.447543,18.005602,5.2809143],"to":[17.669258,20.967888,12.538515],"rotation":{"angle":-45.0,"axis":"z","origin":[12.933714,22.22686,8.909715]},"faces":{"east":{"uv":[7.5625,2.78125,7.25,2.90625],"rotation":0,"texture":"#0","tintindex":0},"south":{"uv":[6.96875,4.875,6.875,5.0],"rotation":0,"texture":"#0","tintindex":0},"north":{"uv":[6.90625,6.03125,6.8125,6.15625],"rotation":0,"texture":"#0","tintindex":0},"west":{"uv":[5.5,3.875,5.1875,4.0],"rotation":0,"texture":"#0","tintindex":0},"up":{"uv":[7.4375,5.90625,7.53125,5.59375],"rotation":0,"texture":"#0","tintindex":0},"down":{"uv":[6.65625,7.4375,6.75,7.75],"rotation":0,"texture":"#0","tintindex":0}}}],"textures":{"0":"modelengine:entity/toro_type02"},"display":{"head":{"translation":[0.0,-32.555435,0.0],"scale":[4.0,4.0,4.0]}}}