{"parent":"minecraft:item/generated","textures":{"layer0":"minecraft:item/leather_horse_armor"},"overrides":[{"predicate":{"custom_model_data":1},"model":"modelengine:toro_type02/body"},{"predicate":{"custom_model_data":2},"model":"modelengine:toro_type02/arti_case_left"},{"predicate":{"custom_model_data":3},"model":"modelengine:toro_type02/arti_case_right"},{"predicate":{"custom_model_data":4},"model":"modelengine:toro_type02/heat_dispenser"},{"predicate":{"custom_model_data":5},"model":"modelengine:toro_type02/core"},{"predicate":{"custom_model_data":6},"model":"modelengine:toro_type02/leftarm"},{"predicate":{"custom_model_data":7},"model":"modelengine:toro_type02/leftfront_arm"},{"predicate":{"custom_model_data":8},"model":"modelengine:toro_type02/left_fist"},{"predicate":{"custom_model_data":9},"model":"modelengine:toro_type02/rightarm"},{"predicate":{"custom_model_data":10},"model":"modelengine:toro_type02/right_fist"},{"predicate":{"custom_model_data":11},"model":"modelengine:toro_type02/rightfront_arm"},{"predicate":{"custom_model_data":12},"model":"modelengine:toro_type02/hip"},{"predicate":{"custom_model_data":13},"model":"modelengine:toro_type02/leftleg"},{"predicate":{"custom_model_data":14},"model":"modelengine:toro_type02/leftfoot"},{"predicate":{"custom_model_data":15},"model":"modelengine:toro_type02/left_fire"},{"predicate":{"custom_model_data":16},"model":"modelengine:toro_type02/left_frontleg"},{"predicate":{"custom_model_data":17},"model":"modelengine:toro_type02/rightleg"},{"predicate":{"custom_model_data":18},"model":"modelengine:toro_type02/right_fire"},{"predicate":{"custom_model_data":19},"model":"modelengine:toro_type02/rightfoot"},{"predicate":{"custom_model_data":20},"model":"modelengine:toro_type02/right_frontleg"},{"predicate":{"custom_model_data":1000},"model":"modelengine:robot_gm_prototipo_one/cuerpo"},{"predicate":{"custom_model_data":1001},"model":"modelengine:robot_gm_prototipo_one/brazoizquierd"},{"predicate":{"custom_model_data":1002},"model":"modelengine:robot_gm_prototipo_one/subrazoizq"},{"predicate":{"custom_model_data":1003},"model":"modelengine:robot_gm_prototipo_one/brazodere"},{"predicate":{"custom_model_data":1004},"model":"modelengine:robot_gm_prototipo_one/subbrazder"},{"predicate":{"custom_model_data":1005},"model":"modelengine:robot_gm_prototipo_one/bone"},{"predicate":{"custom_model_data":1006},"model":"modelengine:robot_gm_prototipo_one/lassr3"},{"predicate":{"custom_model_data":1007},"model":"modelengine:robot_gm_prototipo_one/lassr2"},{"predicate":{"custom_model_data":1008},"model":"modelengine:robot_gm_prototipo_one/subpiernader"},{"predicate":{"custom_model_data":1009},"model":"modelengine:robot_gm_prototipo_one/piernaderec"},{"predicate":{"custom_model_data":1010},"model":"modelengine:robot_gm_prototipo_one/piernaizq"},{"predicate":{"custom_model_data":1011},"model":"modelengine:robot_gm_prototipo_one/subpiernaizq"},{"predicate":{"custom_model_data":1012},"model":"modelengine:robot_gm_prototipo_one/cuerpo2"},{"predicate":{"custom_model_data":1013},"model":"modelengine:robot_gm_prototipo_one_protfir/cuerpo"},{"predicate":{"custom_model_data":1014},"model":"modelengine:robot_gm_prototipo_one_protfir/brazoizquierd"},{"predicate":{"custom_model_data":1015},"model":"modelengine:robot_gm_prototipo_one_protfir/subrazoizq"},{"predicate":{"custom_model_data":1016},"model":"modelengine:robot_gm_prototipo_one_protfir/brazodere"},{"predicate":{"custom_model_data":1017},"model":"modelengine:robot_gm_prototipo_one_protfir/subbrazder"},{"predicate":{"custom_model_data":1018},"model":"modelengine:robot_gm_prototipo_one_protfir/bone"},{"predicate":{"custom_model_data":1019},"model":"modelengine:robot_gm_prototipo_one_protfir/lassr3"},{"predicate":{"custom_model_data":1020},"model":"modelengine:robot_gm_prototipo_one_protfir/lassr2"},{"predicate":{"custom_model_data":1021},"model":"modelengine:robot_gm_prototipo_one_protfir/subpiernader"},{"predicate":{"custom_model_data":1022},"model":"modelengine:robot_gm_prototipo_one_protfir/piernaderec"},{"predicate":{"custom_model_data":1023},"model":"modelengine:robot_gm_prototipo_one_protfir/piernaizq"},{"predicate":{"custom_model_data":1024},"model":"modelengine:robot_gm_prototipo_one_protfir/subpiernaizq"},{"predicate":{"custom_model_data":1025},"model":"modelengine:robot_gm_prototipo_one_protfir/cuerpo2"}]}